                  epoch,         train/box_loss,         train/seg_loss,         train/cls_loss,         train/dfl_loss,   metrics/precision(B),      metrics/recall(B),       metrics/mAP50(B),    metrics/mAP50-95(B),   metrics/precision(M),      metrics/recall(M),       metrics/mAP50(M),    metrics/mAP50-95(M),           val/box_loss,           val/seg_loss,           val/cls_loss,           val/dfl_loss,                 lr/pg0,                 lr/pg1,                 lr/pg2
                      1,                 1.6903,                 4.5502,                 3.8498,                 1.6713,                0.01398,                 0.3998,                0.02131,                0.01058,                0.01022,                0.13065,                0.01583,                 0.0098,                  1.857,                 4.4847,                 3.7275,                   2.02,              2.727e-05,              2.727e-05,              2.727e-05
                      2,                  1.598,                 4.2194,                   3.84,                  1.639,                0.01522,                0.41262,                 0.0378,                0.02081,                0.01126,                0.34921,                0.02896,                0.01929,                 1.7807,                 4.3568,                 3.7278,                  1.964,              6.237e-05,              6.237e-05,              6.237e-05
                      3,                 1.5161,                 3.5168,                 3.7759,                 1.5955,                0.01955,                0.47672,                0.08633,                0.05361,                0.01468,                0.40904,                0.07282,                0.05105,                 1.7848,                  4.267,                  3.712,                 1.9348,              9.603e-05,              9.603e-05,              9.603e-05
                      4,                 1.3503,                 3.4632,                 3.6294,                 1.4999,                0.02368,                0.49976,                0.14959,                 0.0709,                0.01457,                 0.4304,                0.13487,                0.06303,                 1.7774,                 4.3209,                  3.711,                 1.9363,             0.00012825,             0.00012825,             0.00012825
                      5,                 1.3338,                 3.1512,                  3.612,                 1.4622,                0.02246,                0.53769,                0.28675,                0.11213,                 0.0163,                 0.4475,                0.27514,                0.07893,                 1.7614,                 4.5555,                 3.6899,                 1.9157,             0.00015903,             0.00015903,             0.00015903
                      6,                 1.4249,                 3.1827,                 3.5114,                 1.4973,                0.02126,                0.51388,                 0.3072,                0.13825,                0.01687,                0.45177,                0.29189,                0.10056,                 1.7654,                 4.7148,                 3.6861,                  1.921,             0.00018837,             0.00018837,             0.00018837
                      7,                 1.2975,                 2.8669,                 3.3409,                  1.376,                0.02157,                0.47656,                0.27109,                0.14034,                0.01535,                0.40659,                0.11342,                0.06398,                 1.8592,                  5.229,                 3.6797,                 2.0196,             0.00021627,             0.00021627,             0.00021627
                      8,                 1.2576,                 2.7867,                 2.8835,                 1.4187,                0.02623,                0.52341,                0.28251,                0.12235,                0.01694,                0.40957,                0.10984,                0.06252,                 1.8545,                 5.5332,                 3.6528,                 2.0063,             0.00024273,             0.00024273,             0.00024273
                      9,                 1.2686,                 2.7602,                 3.0626,                 1.3876,                0.02629,                0.52341,                0.30231,                0.13089,                  0.016,                0.42483,                0.11737,                0.06483,                 1.8199,                 5.7498,                 3.6158,                  1.973,             0.00026776,             0.00026776,             0.00026776
                     10,                 1.2556,                 2.7551,                 3.0172,                 1.3854,                0.76031,                0.22222,                0.29682,                0.14759,                0.76031,                0.22222,                0.25391,                0.07554,                 1.8425,                 5.9415,                 3.5817,                 1.9924,             0.00029134,             0.00029134,             0.00029134
                     11,                 1.3375,                 2.7308,                 2.9235,                 1.4173,                0.92009,                0.05556,                0.30543,                0.14746,                0.92009,                0.05556,                0.25705,                0.07696,                 1.8822,                 5.9702,                 3.5443,                 2.0326,             0.00031348,             0.00031348,             0.00031348
                     12,                 1.2982,                 2.6777,                 2.7865,                 1.4339,                0.80255,                0.22222,                0.30601,                0.14852,                0.81427,                0.22222,                0.26004,                0.07873,                 1.8924,                 5.8118,                 3.4812,                 2.0332,             0.00033418,             0.00033418,             0.00033418
                     13,                 1.2151,                 2.5539,                  2.733,                 1.3899,                0.79514,                0.22222,                0.32795,                0.16952,                0.79514,                0.22222,                0.26848,                0.08697,                 1.8529,                 5.6996,                 3.3899,                 1.9736,             0.00035344,             0.00035344,             0.00035344
                     14,                 1.3339,                 2.6424,                 2.7078,                 1.3947,                0.89178,                0.22222,                0.35373,                0.17147,                0.89178,                0.22222,                0.27923,                0.10521,                 1.9374,                 5.4147,                 3.3235,                 2.0342,             0.00037126,             0.00037126,             0.00037126
                     15,                 1.1964,                   2.43,                 2.5222,                 1.3404,                0.95981,                0.22222,                0.35891,                0.17484,                0.95981,                0.22222,                0.26591,                0.10029,                 1.9473,                  5.181,                 3.2732,                  2.048,             0.00038764,             0.00038764,             0.00038764
                     16,                  1.269,                 2.4947,                 2.7079,                 1.3863,                0.95981,                0.22222,                0.35891,                0.17484,                0.95981,                0.22222,                0.26591,                0.10029,                 1.9473,                  5.181,                 3.2732,                  2.048,             0.00040259,             0.00040259,             0.00040259
                     17,                 1.2176,                 2.5453,                 2.4979,                 1.3508,                0.94562,                 0.2315,                0.37601,                 0.1738,                0.92225,                0.22947,                0.28859,                0.11943,                 1.9883,                 4.9482,                 3.1891,                 2.0214,             0.00041609,             0.00041609,             0.00041609
                     18,                 1.2957,                 2.6527,                 2.6349,                 1.4199,                0.81768,                0.23622,                0.36158,                0.15304,                0.76589,                0.22947,                0.28136,                0.13369,                 2.0048,                 4.8346,                 3.1723,                 2.0569,             0.00042815,             0.00042815,             0.00042815
                     19,                 1.2376,                 2.3578,                 2.4453,                 1.3432,                0.81768,                0.23622,                0.36158,                0.15304,                0.76589,                0.22947,                0.28136,                0.13369,                 2.0048,                 4.8346,                 3.1723,                 2.0569,             0.00043877,             0.00043877,             0.00043877
                     20,                 1.2507,                 2.4782,                 2.3084,                  1.349,                0.63247,                0.24452,                0.31088,                0.10562,                0.58394,                0.23374,                 0.2505,                0.09448,                 2.0097,                 4.8161,                  3.152,                 2.0758,             0.00044796,             0.00044796,             0.00044796
                     21,                  1.319,                 2.5668,                 2.5301,                 1.4176,                0.61229,                0.07135,                0.30576,                0.09934,                0.58896,                0.06708,                0.24839,                 0.0741,                 2.0694,                 4.8555,                 3.1904,                 2.1643,              0.0004557,              0.0004557,              0.0004557
                     22,                 1.2871,                 2.4781,                 2.3733,                 1.3811,                0.61229,                0.07135,                0.30576,                0.09934,                0.58896,                0.06708,                0.24839,                 0.0741,                 2.0694,                 4.8555,                 3.1904,                 2.1643,               0.000462,               0.000462,               0.000462
                     23,                 1.3584,                 2.5502,                 2.4285,                 1.5525,                0.66458,                0.09612,                0.19451,                0.06092,                0.65187,                0.06708,                0.15228,                 0.0412,                 2.0539,                 4.8306,                 3.2142,                 2.1983,             0.00046687,             0.00046687,             0.00046687
                     24,                 1.3261,                 2.4902,                 2.2314,                 1.4201,                0.66458,                0.09612,                0.19451,                0.06092,                0.65187,                0.06708,                0.15228,                 0.0412,                 2.0539,                 4.8306,                 3.2142,                 2.1983,             0.00047029,             0.00047029,             0.00047029
                     25,                 1.2743,                 2.3822,                 2.2508,                 1.4247,                0.57024,                0.08518,                0.11902,                0.05112,                0.39498,                0.11966,                0.09536,                0.02927,                 2.0248,                 4.7851,                 3.2191,                 2.1953,             0.00047227,             0.00047227,             0.00047227
                     26,                 1.2281,                 2.3022,                 2.2296,                 1.3443,                0.57024,                0.08518,                0.11902,                0.05112,                0.39498,                0.11966,                0.09536,                0.02927,                 2.0248,                 4.7851,                 3.2191,                 2.1953,             0.00045904,             0.00045904,             0.00045904
                     27,                 1.2747,                 2.4174,                 2.2457,                 1.3462,                0.50369,                0.09866,                0.10944,                0.04469,                0.41953,                0.12821,                0.07388,                 0.0259,                 2.0483,                 4.6938,                 3.2114,                 2.2276,             0.00045904,             0.00045904,             0.00045904
                     28,                 1.2624,                 2.2275,                 2.0757,                 1.3923,                0.50369,                0.09866,                0.10944,                0.04469,                0.41953,                0.12821,                0.07388,                 0.0259,                 2.0483,                 4.6938,                 3.2114,                 2.2276,             0.00044105,             0.00044105,             0.00044105
                     29,                 1.2068,                 2.4651,                  2.134,                 1.3778,                0.46198,                0.15867,                0.13265,                0.06834,                0.43423,                0.24834,                0.10012,                0.04179,                 2.0133,                 4.5786,                 3.0585,                 2.2363,             0.00042305,             0.00042305,             0.00042305
                     30,                  1.261,                  2.435,                  2.202,                 1.3771,                0.46198,                0.15867,                0.13265,                0.06834,                0.43423,                0.24834,                0.10012,                0.04179,                 2.0133,                 4.5786,                 3.0585,                 2.2363,             0.00040505,             0.00040505,             0.00040505
                     31,                  1.187,                 2.2792,                 1.9833,                 1.2901,                0.47514,                0.35089,                0.15787,                0.07903,                0.42556,                0.30769,                0.11273,                0.04663,                 2.0511,                 4.6219,                 2.9051,                 2.3017,             0.00038705,             0.00038705,             0.00038705
                     32,                 1.2053,                 2.3374,                 2.0461,                 1.3684,                0.47514,                0.35089,                0.15787,                0.07903,                0.42556,                0.30769,                0.11273,                0.04663,                 2.0511,                 4.6219,                 2.9051,                 2.3017,             0.00036905,             0.00036905,             0.00036905
                     33,                 1.1452,                 2.1368,                 1.8516,                 1.2768,                0.49599,                 0.3337,                0.16362,                0.08158,                0.42958,                0.30769,                 0.1118,                 0.0497,                 2.0747,                  4.636,                 2.8699,                 2.3061,             0.00035106,             0.00035106,             0.00035106
                     34,                 1.1439,                 2.1164,                 1.8531,                  1.288,                0.49599,                 0.3337,                0.16362,                0.08158,                0.42958,                0.30769,                 0.1118,                 0.0497,                 2.0747,                  4.636,                 2.8699,                 2.3061,             0.00033306,             0.00033306,             0.00033306
                     35,                 1.2436,                 2.2995,                 1.9478,                 1.3261,                0.45259,                0.35935,                0.13639,                0.06499,                0.42647,                0.33631,                0.09104,                0.03492,                 2.0868,                 4.6649,                 2.9241,                 2.3187,             0.00031506,             0.00031506,             0.00031506
                     36,                 1.3188,                 2.4438,                 2.1826,                 1.3714,                0.45259,                0.35935,                0.13639,                0.06499,                0.42647,                0.33631,                0.09104,                0.03492,                 2.0868,                 4.6649,                 2.9241,                 2.3187,             0.00029706,             0.00029706,             0.00029706
                     37,                 1.2485,                 2.2846,                 1.9924,                 1.3314,                0.42261,                 0.2029,                 0.1242,                0.06368,                0.40081,                0.17689,                0.08298,                0.03003,                 2.0954,                 4.6752,                 2.9839,                 2.3338,             0.00027906,             0.00027906,             0.00027906
                     38,                 1.1924,                 2.1755,                 1.8652,                 1.3428,                0.42261,                 0.2029,                 0.1242,                0.06368,                0.40081,                0.17689,                0.08298,                0.03003,                 2.0954,                 4.6752,                 2.9839,                 2.3338,             0.00026106,             0.00026106,             0.00026106
                     39,                  1.191,                 2.1106,                 1.7788,                 1.2466,                0.42047,                0.21576,                0.12202,                0.05782,                0.38873,                0.17261,                0.07637,                0.02855,                 2.1039,                 4.6248,                 3.0371,                 2.3266,             0.00024307,             0.00024307,             0.00024307
                     40,                 1.1495,                 2.2123,                 1.7942,                 1.3256,                0.42047,                0.21576,                0.12202,                0.05782,                0.38873,                0.17261,                0.07637,                0.02855,                 2.1039,                 4.6248,                 3.0371,                 2.3266,             0.00022507,             0.00022507,             0.00022507
                     41,                 1.2196,                 2.3719,                 2.3153,                 1.4146,                0.44356,                0.39404,                 0.1385,                0.06499,                0.42477,                0.35187,                0.10582,                0.03429,                 2.0977,                 4.6233,                 3.0142,                 2.3276,             0.00020707,             0.00020707,             0.00020707
                     42,                 1.1874,                   2.29,                  1.989,                 1.3552,                0.44356,                0.39404,                 0.1385,                0.06499,                0.42477,                0.35187,                0.10582,                0.03429,                 2.0977,                 4.6233,                 3.0142,                 2.3276,             0.00018907,             0.00018907,             0.00018907
                     43,                 1.1968,                 2.2144,                 1.9376,                 1.4017,                0.42844,                0.34132,                0.13712,                0.06447,                 0.4102,                0.30676,                 0.1023,                0.03549,                 2.0708,                 4.5872,                 3.0231,                 2.3055,             0.00017107,             0.00017107,             0.00017107
                     44,                 1.1608,                 2.0739,                 1.8841,                 1.3588,                0.42844,                0.34132,                0.13712,                0.06447,                 0.4102,                0.30676,                 0.1023,                0.03549,                 2.0708,                 4.5872,                 3.0231,                 2.3055,             0.00015308,             0.00015308,             0.00015308
                     45,                 1.2536,                 2.2803,                 2.0855,                 1.4237,                0.46203,                0.29989,                0.13258,                0.06564,                0.43622,                0.27815,                0.10539,                0.03876,                 2.0469,                 4.5527,                 2.9545,                 2.3084,             0.00013508,             0.00013508,             0.00013508
                     46,                 1.1876,                  2.207,                 1.9638,                 1.3924,                0.46203,                0.29989,                0.13258,                0.06564,                0.43622,                0.27815,                0.10539,                0.03876,                 2.0469,                 4.5527,                 2.9545,                 2.3084,             0.00011708,             0.00011708,             0.00011708
                     47,                 1.1546,                  2.063,                 1.8788,                 1.3305,                0.51235,                0.29562,                0.16001,                0.07739,                0.48584,                0.28112,                0.14496,                0.04961,                 2.0556,                 4.5061,                 2.9343,                 2.3226,             9.9081e-05,             9.9081e-05,             9.9081e-05
                     48,                 1.1784,                  2.279,                 1.9816,                 1.3525,                0.51235,                0.29562,                0.16001,                0.07739,                0.48584,                0.28112,                0.14496,                0.04961,                 2.0556,                 4.5061,                 2.9343,                 2.3226,             8.1083e-05,             8.1083e-05,             8.1083e-05
                     49,                 1.0206,                  2.128,                 1.9055,                 1.2551,                0.52527,                0.29012,                 0.1597,                0.07619,                0.51455,                0.28112,                0.15209,                0.05437,                 2.0427,                 4.5417,                 2.9062,                 2.3236,             6.3085e-05,             6.3085e-05,             6.3085e-05
                     50,                 1.2004,                 2.2404,                 1.9475,                  1.414,                0.52527,                0.29012,                 0.1597,                0.07619,                0.51455,                0.28112,                0.15209,                0.05437,                 2.0427,                 4.5417,                 2.9062,                 2.3236,             4.5086e-05,             4.5086e-05,             4.5086e-05
